Name,Email,Gender,Status
Jan Novak,email4084@email.email,male,1
API Monitoring:twj7y,apimonitoringtwj7y@synthetic.com,male,1
Jan Novak,email8906@email.email,male,1
API Monitoring,apimonitoringd20580@synthetic.com,female,1
cross_platform.qbo,Kaia68@example.net,female,1
testzenica,testzenica@gmail.com,male,1
Jan Novakovic,email4012@email.email,male,1
Test Vari,01test_varia@hmail.ooo,male,0
API Monitoring:u0steu,apimonitoringu0steu@synthetic.com,male,1
A. Sergey,zold@mail.ru,male,1
balaji12345,balaji1@gmail.com,female,1
withdrawalYAredfxsy,Stacy@exsaef.in,female,0
ahme aewr,756492a@hotmail.com,female,1
API Monitoring:6qxvgx,apimonitoring6qxvgx@synthetic.com,male,1
Tenali Ramakrishnajmeter,tenali.ramakrishnajmeter@19ce.com,male,1
API Monitoring:4rd3d,apimonitoring4rd3d@synthetic.com,male,1
lance,lance@benq.com,male,0
Ann,test_1634731667@mailinator.com,female,0
API Monitoring:rlu9o9,apimonitoringrlu9o9@synthetic.com,male,1
API Monitoring:trz5h8,apimonitoringtrz5h8@synthetic.com,male,1
